
[
  
  {
    "nombre": "amazing-people",
    "descripcion": "Proyecto sobre personas increíbles",
    "url_repo": "https://github.com/capitan-spalding/amazing-people",
    "url_demo": "https://capitan-spalding.github.io/amazing-people"
  },
  {
    "nombre": "before-home",
    "descripcion": "Landing previa al home",
    "url_repo": "https://github.com/ozclef/before-home",
    "url_demo": "https://ozclef.github.io/before-home"
  },
  {
    "nombre": "web",
    "descripcion": "Sitio web principal",
    "url_repo": "https://github.com/Wuana-Wuary/web",
    "url_demo": "https://wuana-wuary.github.io/web"
  },

  
  {
    "user": "ozclef",
    "repos": [
      "dashboard",
      "home",
      "ohana",
      "before-home",
      "prof-Os",
      "CODES-",
      "cshtml",
      "plantillas",
      "dashboard-priv",
      "MainSep",
      "ia-gpt-"
    ]
  },
  {
    "user": "capitan-spalding",
    "repos": [
      "amazing-people"
    ]
  },
  {
    "user": "os-clef",
    "repos": [
      "amazing-people",
      "home"
    ]
  },
  {
    "user": "Wuana-Wuary",
    "repos": [
      "web"
    ]
  },
  {
    "user": "BI-US",
    "repos": [
      "Os-",
      "Os",
      "prof-Programer",
      "love",
      "HOME",
      "home-online"
    ]
  },
//
  {
    "user": "B-I-U-S",
    "repos": [
      "dashboard",
      "home",
      "ohana",
      "before-home",
      "prof-Os",
      "CODES-",
      "cshtml",
      "plantillas",
      "dashboard-priv",
      "MainSep",
      "ia-gpt-"
    ]
  },
  {
    "user": "blue-forest-8",
    "repos": [
      "-"
      "ia"
    ]
  },
  {
    "user": "programer-underground",
    "repos": [
      "testimonio",
      "testimony"
    ]
  },
  {
    "user": "",
    "repos": [
      ""
    ]
  },
  {
    "user": "",
    "repos": [
      "Os-",
      "Os",
      "prof-Programer",
      "love",
      "HOME",
      "home-online"
    ]
  },

]
