

[
  {"name": "capitan-spalding/amazing-people"},
  {"name": "ozclef/before-home"},
  {"name": "os-clef/amazing-people"},
  {"name": "os-clef/home"},
  {"name": "Wuana-Wuary/web"},
  {"name": "BI-US/Os-"},
  {"name": "ozclef/ohana"},
  {"name": "BI-US/Os"},
  {"name": "ozclef/home"},
  {"name": "BI-US/prof-Programer"},
  {"name": "ozclef/prof-Os"},
  {"name": "BI-US/love"},
  {"name": "BI-US/HOME"},
  {"name": "ozclef/CODES-"},
  {"name": "BI-US/home-online"},
  {"name": "ozclef/cshtml"},
  {"name": "ozclef/plantillas"},
  {"name": "ozclef/dashboard-priv"},
  {"name": "ozclef/MainSep"},
  {"name": "ozclef/ia-gpt-"}
]

