[
  {
    "user": "ozclef",
    "repos": [
      "dashboard",
      "home",
      "ohana",
      "before-home",
      "prof-Os",
      "CODES-",
      "cshtml",
      "plantillas",
      "dashboard-priv",
      "MainSep",
      "ia-gpt-"
    ]
  },
  {
    "user": "capitan-spalding",
    "repos": [
      "amazing-people"
    ]
  },
  {
    "user": "os-clef",
    "repos": [
      "amazing-people",
      "home"
    ]
  },
  {
    "user": "Wuana-Wuary",
    "repos": [
      "web"
    ]
  },
  {
    "user": "BI-US",
    "repos": [
      "Os-",
      "Os",
      "prof-Programer",
      "love",
      "HOME",
      "home-online"
    ]
  }
]
